"{'expression0': '\\[N = 9 + 99 + 999 + 9999 + \\cdots + \\underbrace{99\\ldots 99}_\\text{321 digits}.\\]', 'expression1': '$N$'}","{'expression0': '$10^n$', 'expression1': '$(10-1)+(10^2-1)+(10^3-1)+\\cdots+(10^{321}-1)$', 'expression2': '$(10+10^2+10^3+\\cdots+10^{321})-321$', 'expression3': '$1111\\cdots.10$', 'expression4': '$321$', 'expression5': '$1110$', 'expression6': '$321$', 'expression7': '$1110-321=789$', 'expression8': '$1$', 'expression9': '$7$', 'expression10': '$8$', 'expression11': '$9$', 'expression12': '$(321-3)+7+8+9=\\boxed{342}$'}","{'expression0': '$1$', 'expression1': '$(10+100+\\cdots 10^{320}+10^{321})$', 'expression2': '$321$', 'expression3': '$11\\cdots0$', 'expression4': '$322$', 'expression5': '$11\\cdots0$', 'expression6': '$321$'}","{'expression0': '$9=9$', 'expression1': '$9+99=108$', 'expression2': '$9+99+999=1107$', 'expression3': '$11111111100$', 'expression4': '$\\boxed{342}$', 'expression5': '$9\\lfloor \\log 321 \\rfloor$', 'expression6': '$9\\lceil \\frac{321}{9} \\rceil$'}","{'expression0': '$1$', 'expression1': '$1$', 'expression2': '($9$, $108$, $1107$, $11106$)', 'expression3': '$n$', 'expression4': '$11\\cdots10-n$', 'expression5': '$n+1$', 'expression6': '$\\boxed{342}$'}","{'expression0': '(10-1)', 'expression1': '(10^2-1)', 'expression2': '(10^{321}-1)', 'expression3': '{321}', 'expression4': '{321}', 'expression5': '{321}', 'expression6': '$N$', 'expression7': '$7+8+9+(321-3)=342$'}"
"{'expression0': '$J$', 'expression1': '$1, 2, 3,\\ldots, 19, 20$', 'expression2': '$B$', 'expression3': '$1, 2, 3,\\ldots, 19, 20$', 'expression4': '$J$', 'expression5': '$B - J$', 'expression6': '$2$', 'expression7': '$\\frac{m}{n}$', 'expression8': '$m$', 'expression9': '$n$', 'expression10': '$m+n$'}","{'expression0': '$J - B$', 'expression1': '$-2$', 'expression2': '$\\frac{1-P}{2}$', 'expression3': '$P$', 'expression4': '$B$', 'expression5': '$J$', 'expression6': '$1$', 'expression7': '$20 \\cdot 19 = 380$', 'expression8': '$B$', 'expression9': '$J$', 'expression10': '$1 + 18 \\cdot 2 + 1 = 38$', 'expression11': '$P$', 'expression12': '$P = \\frac{38}{380} = \\frac{1}{10}$', 'expression13': '$\\frac{9}{20} \\rightarrow \\boxed{029}$'}","{'expression0': '$J - B$', 'expression1': '$-2$', 'expression2': '$\\frac{1-P}{2}$', 'expression3': '$P$', 'expression4': '$B$', 'expression5': '$J$', 'expression6': '$1$', 'expression7': '$20 \\cdot 19 = 380$', 'expression8': '$B$', 'expression9': '$J$', 'expression10': '$1 + 18 \\cdot 2 + 1 = 38$', 'expression11': '$P$', 'expression12': '$P = \\frac{38}{380} = \\frac{1}{10}$', 'expression13': '$\\frac{9}{20} \\rightarrow \\boxed{029}$'}","{'expression0': '$J - B$', 'expression1': '$-2$', 'expression2': '$\\frac{1-P}{2}$', 'expression3': '$P$', 'expression4': '$B$', 'expression5': '$J$', 'expression6': '$1$', 'expression7': '$20 \\cdot 19 = 380$', 'expression8': '$B$', 'expression9': '$J$', 'expression10': '$1 + 18 \\cdot 2 + 1 = 38$', 'expression11': '$P$', 'expression12': '$P = \\frac{38}{380} = \\frac{1}{10}$', 'expression13': '$\\frac{9}{20} \\rightarrow \\boxed{029}$'}","{'expression0': '$2$', 'expression1': '$20$', 'expression2': '$2$', 'expression3': '$\\dbinom{n-k+1}{k}$', 'expression4': '$\\dbinom{20-2+1}{2} = \\dbinom{19}{2} = 171$', 'expression5': '$171$', 'expression6': '$380$', 'expression7': '$\\frac{171}{380} = \\frac{9}{20}$', 'expression8': '$9+20=\\boxed{029}$'}","{'expression0': '$20$', 'expression1': '$J$', 'expression2': '$1$', 'expression3': '$20$', 'expression4': '$20$', 'expression5': '$B$', 'expression6': '$1$', 'expression7': '$20$', 'expression8': '$B$', 'expression9': '$J$', 'expression10': '$B - J$', 'expression11': '$2$', 'expression12': '$B - J = 2$', 'expression13': '$171$', 'expression14': '$400 - 20 = 380$', 'expression15': '$\\frac{171}{380}$', 'expression16': '$\\frac{9}{20}$', 'expression17': '$9+20=\\boxed{029}$'}"
"{'expression0': '$\\triangle PQR$', 'expression1': '$PR=15$', 'expression2': '$QR=20$', 'expression3': '$PQ=25$', 'expression4': '$A$', 'expression5': '$B$', 'expression6': '$\\overline{PQ}$', 'expression7': '$C$', 'expression8': '$D$', 'expression9': '$\\overline{QR}$', 'expression10': '$E$', 'expression11': '$F$', 'expression12': '$\\overline{PR}$', 'expression13': '$PA=QB=QC=RD=RE=PF=5$', 'expression14': '$ABCDEF$'}","{'expression0': '$ABCDEF$', 'expression1': '$\\triangle PQR- \\triangle PAF- \\triangle BCQ- \\triangle RED$', 'expression2': '$PR^2+RQ^2=PQ^2$', 'expression3': '$\\triangle PRQ$', 'expression4': '$\\triangle PQR$', 'expression5': '$150$', 'expression6': '\\[\\frac12 \\cdot PQ\\cdot RQ \\sin \\angle PQR = \\frac12 \\cdot 500 \\cdot \\sin \\angle PQR=150 \\implies \\sin \\angle PQR = \\frac35.\\]', 'expression7': '$\\triangle BCQ = \\frac12 \\cdot BQ \\cdot CQ \\cdot \\sin \\angle PQR= \\frac{25}{2}\\cdot \\frac{3}{5}=\\frac{15}{2}$', 'expression8': '$\\triangle PAF$', 'expression9': '$\\triangle PAF$', 'expression10': '$10$', 'expression11': '$\\angle ERD = 90^{\\circ}$', 'expression12': '$\\triangle RED=\\frac{25}{2}$', 'expression13': '$150-\\frac{15}{2}-10-\\frac{25}{2}=\\boxed{120}$'}","{'expression0': '$R$', 'expression1': '$A=(4,12), B=(16,3), C=(15,0), D=(5,0), E=(0,5)$', 'expression2': '$F=(0,10)$', 'expression3': '$\\boxed{120}$', 'expression4': '$P$', 'expression5': '$(a_1, b_1)$', 'expression6': '$(a_2, b_2)$', 'expression7': '\\[\\dfrac{1}{2} |(a_1b_2 + a_2b_3 + \\cdots + a_nb_1) - (b_1a_2 + b_2a_3 + \\cdots + b_na_1)|\\]', 'expression8': '(b_1a_2 + b_2a_3 + \\cdots + b_na_1)', 'expression9': '|', 'expression10': '\\] You can also go counterclockwise) order, as long as you find the absolute value of the answer.'}","{'expression0': '$\\triangle{PQR}$', 'expression1': '$150$', 'expression2': '$3$', 'expression3': '$4$', 'expression4': '$5$', 'expression5': '$B$', 'expression6': '$QC$', 'expression7': '$3$', 'expression8': '$A$', 'expression9': '$FP$', 'expression10': '$4$', 'expression11': '$[QBC]+[DRE]+[AFP]=\\frac{15}{2}+\\frac{25}{2}+\\frac{20}{2}=30$', 'expression12': '$[ABCDEF]=\\boxed{120}$'}","{'expression0': '$\\triangle{PQR}$', 'expression1': '$150$', 'expression2': '$3$', 'expression3': '$4$', 'expression4': '$5$', 'expression5': '$\\triangle{DRE}$', 'expression6': '$\\triangle{APF}$', 'expression7': '$\\triangle{CQB}$', 'expression8': '$\\triangle{PQR}$', 'expression9': '$\\triangle{DRE}$', 'expression10': '$12.5$', 'expression11': '$\\triangle{APF}$', 'expression12': '$\\triangle{CQB}$', 'expression13': '($c^2 = a^2 + b^2 - 2ab\\cos C$)', 'expression14': '$AF$', 'expression15': '$CB$', 'expression16': '$AF = \\sqrt{20}$', 'expression17': '$CB = \\sqrt{10}$', 'expression18': '$\\triangle{APF} = 10$', 'expression19': '$\\triangle{CQB} = 7.5$', 'expression20': '$\\triangle{PQR}$', 'expression21': '$150 - (10 + 7.5 + 12.5) = \\boxed{120}$'}","{'expression0': '$PQR$', 'expression1': '$\\ frac)12\\cdot15\\cdot20=150$', 'expression2': '$\\triangle PAF,\\triangle QCB$', 'expression3': '$\\triangle RED$', 'expression4': '$\\triangle PQR$', 'expression5': '$a,\\,b,$', 'expression6': '$\\gamma$', 'expression7': '$\\ frac)12a\\cdot b\\cdot \\sin\\gamma,$', 'expression8': '$\\triangle PAF,\\triangle QCB$', 'expression9': '$\\triangle RED$', 'expression10': '$5\\cdot5\\cdot\\ frac){150}{ab},$', 'expression11': '$a$', 'expression12': '$b$', 'expression13': '$\\triangle PQR$', 'expression14': '$\\triangle PAF,\\triangle QCB$', 'expression15': '$\\triangle RED$', 'expression16': '\\[5\\cdot5\\cdot\\frac{150}{15\\cdot25}+5\\cdot5\\cdot\\frac{150}{25\\cdot20}+5\\cdot5\\cdot\\frac{150}{20\\cdot15}=25\\left(\\frac25+\\frac3{10}+\\frac12\\right)=30.\\]', 'expression17': '$ABCDEF$', 'expression18': '$150-30= \\boxed{120}$'}"
"{'expression0': '$22$', 'expression1': '$11$', 'expression2': '$11$', 'expression3': '$3$', 'expression4': '$11$', 'expression5': '$n$', 'expression6': '$n$', 'expression7': '$1000$'}","{'expression0': '$0-3$', 'expression1': '$0$', 'expression2': '$1$', 'expression3': '$n$', 'expression4': '($12-n$)', 'expression5': '($11$)', 'expression6': '$n$', 'expression7': '$a_n=11(12-n)a_{n-1}$', 'expression8': '$a_0=1$', 'expression9': '$0$', 'expression10': '$3$', 'expression11': '$1+11^2+11^{3}\\cdot 10+11^{4}\\cdot 10\\cdot 9$', 'expression12': '$10+9\\cdot11\\cdot10=10+990=1000$', 'expression13': '$1+11^2+11^3\\cdot (10+11\\cdot10\\cdot9)= 1+11^2+11^3\\cdot (1000)$', 'expression14': '$1000$', 'expression15': '$1+11^2=\\boxed{122}$'}","{'expression0': '$1$', 'expression1': '$11^2$', 'expression2': '$11^2\\cdot11\\cdot 10$', 'expression3': '$11^2\\cdot11\\cdot10\\cdot11\\cdot9$', 'expression4': '$1+11^2+11^2\\cdot11\\cdot10+11^2\\cdot11\\cdot10\\cdot11\\cdot9=122+11^3(10+990)\\equiv 122\\pmod{1000}.$'}","{'expression0': '$\\textbf{Case 1}$', 'expression1': '$1$', 'expression2': '$\\textbf{Case 2}$', 'expression3': '$11\\cdot 11 = 121$', 'expression4': '$\\textbf{Case 3}$', 'expression5': '$11\\cdot 11$', 'expression6': '$11\\cdot 11\\cdot 11\\cdot 10 = 13310\\equiv 310 \\bmod{1000}$', 'expression7': '$\\textbf{Case 4}$', 'expression8': '$\\textbf{Case 3}$', 'expression9': '$(11\\cdot 11)\\cdot (11\\cdot 10)\\cdot (11\\cdot 9)$', 'expression10': '$690$', 'expression11': '$1 + 121 + 310 + 690 \\equiv \\boxed{122} \\pmod{1000}$'}",{},{}
"{'expression0': '$(4,4)$', 'expression1': '$(a,b)$', 'expression2': '$(a-1,b)$', 'expression3': '$(a,b-1)$', 'expression4': '$(a-1,b-1)$', 'expression5': '$\\frac{1}{3}$', 'expression6': '$(0,0)$', 'expression7': '$\\frac{m}{3^n}$', 'expression8': '$m$', 'expression9': '$n$', 'expression10': '$m$', 'expression11': '$3$', 'expression12': '$m + n$'}","{'expression0': '$(0,0)$', 'expression1': '$(x,y)$', 'expression2': '\\[P(x,y) = \\frac{1}{3} P(x-1,y) + \\frac{1}{3} P(x,y-1) + \\frac{1}{3} P(x-1,y-1)\\]', 'expression3': '$x,y \\geq 1$', 'expression4': '$P(0,0) = 1, P(x,0) = P(y,0) = 0$', 'expression5': '$x,y$', 'expression6': '$P(4,4) = \\frac{245}{2187}$', 'expression7': '$245 + 7 = \\boxed{252}$'}","{'expression0': '(0,0)', 'expression1': '(1,1)', 'expression2': '$\\frac{1}{3}$', 'expression3': '(0,0)', 'expression4': '$(x,y,z)=(0,0,3),(1,1,2),(2,2,1)$', 'expression5': '$(3,3,0)$', 'expression6': '$1 \\cdot \\frac{1}{27} + \\frac{4!}{2!} \\cdot \\frac{1}{81} + \\frac{5!}{2! \\cdot 2!} \\cdot \\frac{1}{243} +\\frac{6!}{3! \\cdot 3!} \\cdot \\frac{1}{729}=\\frac{245}{729}$', 'expression7': '$(1,1)$', 'expression8': '$(0,0)$', 'expression9': '$\\frac{245}{3^7}$', 'expression10': '$245+7=\\boxed{252}$'}","{'expression0': '$(1,1)$', 'expression1': '$(1,1)$', 'expression2': '$(1,1)$', 'expression3': '$(4,4)$', 'expression4': '(1)', 'expression5': '(2)', 'expression6': '(3)', 'expression7': '(4)', 'expression8': '(1)', 'expression9': '$\\frac{1}{3^3}$', 'expression10': '(2)', 'expression11': '$\\frac{\\frac{4!}{2!}}{3^4} = \\frac{12}{3^4}$', 'expression12': '(3)', 'expression13': '$\\frac{\\frac{5!}{2!2!}}{3^5} = \\frac{30}{3^5}$', 'expression14': '(4)', 'expression15': '$\\frac{\\frac{6!}{3!3!}}{3^6} = \\frac{20}{3^6}$', 'expression16': '$\\frac{245}{3^6}$', 'expression17': '$(1,1)$', 'expression18': '$\\frac{1}{3}$', 'expression19': '$(0,0)$', 'expression20': '$(1,1)$', 'expression21': '$\\frac{245}{3^6} \\cdot \\frac{1}{3} = \\frac{245}{3^7} \\implies m = 245, n = 7 \\implies \\boxed{252}$'}","{'expression0': '$(1,1)$', 'expression1': '$63$', 'expression2': '$(4,4)$', 'expression3': '$(1,1)$', 'expression4': '$\\tbinom{6}{3}=20$', 'expression5': '$3$', 'expression6': '$3$', 'expression7': '$\\tbinom{5}{2\\,2\\,1}=30$', 'expression8': '$2$', 'expression9': '$2$', 'expression10': '$1$', 'expression11': '$\\tbinom{4}{1\\,1\\,2}=12$', 'expression12': '$1$', 'expression13': '$1$', 'expression14': '$2$', 'expression15': '$1$', 'expression16': '$3$', 'expression17': '$(4,4)$', 'expression18': '$(1,1)$', 'expression19': '\\[\\frac{1}{3^6}\\cdot20+\\frac{1}{3^5}\\cdot30+\\frac{1}{3^4}\\cdot12+\\frac{1}{3^3}\\cdot1=\\frac{245}{3^6}.\\]', 'expression20': '$\\ frac)13$', 'expression21': '$\\ frac){245}{3^7},$', 'expression22': '$245+7=252$'}",{}
"{'expression0': '$KLMN$', 'expression1': '$\\overline{MN}$', 'expression2': '$\\overline{KM}$', 'expression3': '$\\overline{KL}$', 'expression4': '$\\overline{LN}$', 'expression5': '$MN = 65$', 'expression6': '$KL = 28$', 'expression7': '$L$', 'expression8': '$\\overline{KN}$', 'expression9': '$\\overline{KM}$', 'expression10': '$O$', 'expression11': '$KO = 8$', 'expression12': '$MO$'}","{'expression0': '$\\angle MKN=\\alpha$', 'expression1': '$\\angle LNK=\\beta$', 'expression2': '$P$', 'expression3': '$L$', 'expression4': '$NK$', 'expression5': '$\\angle KLP=\\beta$', 'expression6': '$KP=28\\sin\\beta=8\\cos\\alpha$', 'expression7': '$KN=\\frac{65}{\\sin\\alpha}=\\frac{28}{\\sin\\beta} \\Rightarrow 65\\sin\\beta=28\\sin\\alpha$', 'expression8': '\\[\\frac{65}{28}=\\frac{28\\sin\\alpha}{8\\cos\\alpha}=\\frac{7}{2}\\tan\\alpha\\Rightarrow \\tan\\alpha=\\frac{65}{98}\\]', 'expression9': '$MK=\\frac{MN}{\\tan\\alpha}=98$', 'expression10': '$MO=MK-KO=\\boxed{090}$'}","{'expression0': '$\\angle KLN = \\angle KMN = 90^{\\circ}$', 'expression1': '$KLMN$', 'expression2': '\\[KO\\cdot KM = KL^2 \\implies KM=\\dfrac{28^2}{8}=98 \\implies MO=98-8=\\boxed{090}\\]'}","{'expression0': '$P$', 'expression1': '$LO$', 'expression2': '$KN$', 'expression3': '$m\\angle KPL = 90^{\\circ}$', 'expression4': '$\\angle KPL \\cong \\angle KLN$', 'expression5': '$\\angle PKL \\cong \\angle LKN$', 'expression6': '$\\triangle PKL \\sim \\triangle LKN$', 'expression7': '$\\triangle KMN \\sim \\triangle KPO$', 'expression8': '\\[\\frac{KP}{KL} = \\frac{KL}{KN}\\]', 'expression9': '\\[KP = \\frac{KL^2}{KN} = \\frac{28^2}{KN} = \\frac{784}{KN}\\]', 'expression10': '\\[\\frac{KP}{KO} = \\frac{KM}{KN}\\]', 'expression11': '\\[KP = \\frac{KO \\cdot KM}{KN} = \\frac{8\\cdot KM}{KN}\\]', 'expression12': '\\[\\frac{8\\cdot KM}{KN} = \\frac{784}{KN}\\]', 'expression13': '\\[8 \\cdot KM = 28^2\\]', 'expression14': '\\[KM = 98\\]', 'expression15': '$KM = KO + MO$', 'expression16': '$MO = 98 -8 = \\boxed{090}$'}","{'expression0': '$KL$', 'expression1': '$NM$', 'expression2': '$L$', 'expression3': '$M$', 'expression4': '$P$', 'expression5': '$H$', 'expression6': '$KM$', 'expression7': '$LN$', 'expression8': '$\\triangle KOL \\sim \\triangle KHP$', 'expression9': '$OH = 8k$', 'expression10': '$LP = 28k$', 'expression11': '$\\triangle KLH$', 'expression12': '$\\triangle KMP$', 'expression13': '\\[\\frac{28}{8+8k} = \\frac{8+8k+HM}{28+28k}\\]', 'expression14': '$4+4k$', 'expression15': '$2(8+8k+HM) = 28 \\cdot 7 = 196$', 'expression16': '$MO = 8k + HM = \\frac{196}{2} - 8 = \\boxed{090}$'}","{'expression0': '$P$', 'expression1': '$LO$', 'expression2': '$KN$', 'expression3': '$a=NP, b=PK, c=NO, d=OM, e=OP, f=PC$', 'expression4': '$g=NC$', 'expression5': '$d$', 'expression6': '$7$', 'expression7': '\\[4225+d^2=c^2\\\\]', 'expression8': '\\[4225+d^2+16d+64=a^2+2ab+b^2\\\\]', 'expression9': '\\[a^2+e^2=c^2\\\\]', 'expression10': '\\[b^2+e^2=64\\\\]', 'expression11': '\\[b^2+e^2+2ef+f^2=784\\\\]', 'expression12': '\\[a^2+e^2+2ef+f^2=g^2\\\\]', 'expression13': '\\[g^2+784=a^2+2ab+b^2\\\\]', 'expression14': '$a^2-b^2=g^2-784$', 'expression15': '$a^2-b^2=c^2-64$', 'expression16': '$c^2-64=g^2-784$', 'expression17': '$g^2=c^2+720$', 'expression18': '$c^2+1504=a^2+2ab+b^2$', 'expression19': '$4225+d^2+16d+64=c^2+1504$', 'expression20': '$16d+64=1504$', 'expression21': '$d=\\\\boxed{090}$'}"
"{'expression0': '$x$', 'expression1': '$y$', 'expression2': '{10}', 'expression3': '{10}', 'expression4': '{10}', 'expression5': '{10}', 'expression6': '$m$', 'expression7': '$x$', 'expression8': '$n$', 'expression9': '$y$', 'expression10': '$3m+2n$'}","{'expression0': '$xy=10^{210},$', 'expression1': '$x=10^a$', 'expression2': '$y=10^b.$', 'expression3': '(1)', 'expression4': '(2)', 'expression5': '\\[a+2a=60\\]', 'expression6': '\\[b+2b=570\\]', 'expression7': '$(a,b)=(20,190).$', 'expression8': '$xy=10^{210},$', 'expression9': '$x=2^{20}\\cdot 5^{20}, y=2^{190}\\cdot 5^{190}.$', 'expression10': '$3(20+20)+2(190+190)=880.$'}","{'expression0': '$x=10^a$', 'expression1': '$y=10^b$', 'expression2': '$a<b$', 'expression3': '$3a=60$', 'expression4': '$3b=570$', 'expression5': '$x=10^{20}=2^{20}\\cdot5^{20}$', 'expression6': '$y=10^{190}=2^{190}\\cdot5^{190}$', 'expression7': '$3(20+20)+2(190+190)=\\boxed{880}$'}","{'expression0': '$(a, b)$', 'expression1': '$\\gcd(a, b)$', 'expression2': '$[a, b]$', 'expression3': '$\\text{lcm}(a, b)$', 'expression4': '$\\log_{10}{x}+\\log_{10}{(x, y)^2}=60$', 'expression5': '$x(x, y)^2=10^{60}$', 'expression6': '\\[x(x, y)^2=10^{60}\\]', 'expression7': '\\[y[x, y]^2=10^{570}\\]', 'expression8': '$xy(x, y)^2[x, y]^2=10^{630}$', 'expression9': '$(a, b)\\cdot[a, b]=ab$', 'expression10': '$x^3y^3=10^{630}$', 'expression11': '$xy=10^{210}$', 'expression12': '$x$', 'expression13': '$2^a5^b$', 'expression14': '$y$', 'expression15': '$2^c5^d$', 'expression16': '$(x, y)$', 'expression17': '$2^{min(a, c)}5^{min(b, d)}$', 'expression18': '$[x, y]$', 'expression19': '$2^{max(a, c)}5^{max(b, d)}$', 'expression20': '$x<y$', 'expression21': '$a<c$', 'expression22': '$b<d$', 'expression23': '$lcm$', 'expression24': '$gcd$', 'expression25': '\\[2^a5^b(2^a5^a)^2=10^{60}\\]', 'expression26': '$a=b=20$', 'expression27': '$lcm$', 'expression28': '$c=d=190$', 'expression29': '$190+20=210$', 'expression30': '$xy=210$', 'expression31': '$3m+2n=3(20+20)+2(190+190)=\\boxed{880}$'}","{'expression0': '$x=d\\alpha, y=d\\beta, (\\alpha, \\beta)=1$', 'expression1': '$d^3\\alpha=10^{60}, d^3\\alpha^2\\beta^3=10^{510} \\implies \\alpha\\beta^3 = 10^{510}=2^{510} \\cdot 5^{510}$', 'expression2': '$\\alpha, \\beta$', 'expression3': '$\\alpha < 5^{90}$', 'expression4': '$\\alpha=1, \\beta = 10^{170}$', 'expression5': '$x=10^{20}, y=10^{190}$', 'expression6': '$\\boxed{880}$'}","{'expression0': '$x(\\gcd(x,y))^2=10^{60}$', 'expression1': '$y(\\operatorname{lcm}(x,y))^2=10^{570}$', 'expression2': '$xy(\\gcd(x,y)\\operatorname{lcm}(x,y))^2=(xy)^3=10^{630}$', 'expression3': '$xy=10^{210}$', 'expression4': '$a,\\,b,\\,c,$', 'expression5': '$d$', 'expression6': '$(x,y)=(2^a5^b,2^c5^d)$', 'expression7': '$a+c=b+d=210$', 'expression8': '\\[\\frac{(\\operatorname{lcm}(x,y))^2}{x}=\\frac{y(\\operatorname{lcm}(x,y))^2}{xy}=\\frac{10^{570}}{10^{210}}=10^{360}.\\]', 'expression9': '$\\max(2a,2c)-a=\\max(2b,2d)-b=360.$', 'expression10': '$2a-a$', 'expression11': '$2b-b$', 'expression12': '$360$', 'expression13': '$a+c=b+d=210,$', 'expression14': '$2c-a=2d-b=360$', 'expression15': '$(a,b,c,d)=(20,20,190,190)$', 'expression16': '$x$', 'expression17': '$20+20=40$', 'expression18': '$y$', 'expression19': '$190+190=380$', 'expression20': '$3\\cdot40+2\\cdot380=880.$'}"
"{'expression0': '$x$', 'expression1': '$\\sin^{10}x+\\cos^{10} x = \\ frac){11}{36}$', 'expression2': '$\\sin^{12}x+\\cos^{12} x = \\ frac){m}{n}$', 'expression3': '$m$', 'expression4': '$n$', 'expression5': '$m+n$'}","{'expression0': '$a=\\sin{x}$', 'expression1': '$b=\\cos{x}$', 'expression2': '$a^2+b^2=1$', 'expression3': '$a^{10}+b^{10}+5a^2b^2(a^6+b^6)+10a^4b^4(a^2+b^2)=\\frac{11}{36}+5a^2b^2(a^6+b^6)+10a^4b^4=1$', 'expression4': '$\\frac{11}{36}=a^{10}+b^{10}=(a^{10}+b^{10})(a^2+b^2)=a^{12}+b^{12}+a^2b^2(a^8+b^8)$', 'expression5': '$a^2b^2(a^8+b^8)$', 'expression6': '$y=a^2b^2$', 'expression7': '$a^2+b^2=1$', 'expression8': '$a^6+b^6+3a^2b^2(a^2+b^2)=1$', 'expression9': '$a^6+b^6=1-3y$', 'expression10': '$\\frac{11}{36}+5a^2b^2(a^6+b^6)+10a^4b^4=1$', 'expression11': '$a^2b^2(a^6+b^6)+2a^4b^4=\\frac{5}{36}$', 'expression12': '$y(1-3y)+2y^2=y-y^2=\\frac{5}{36}$', 'expression13': '$y=\\frac{5}{6}$', 'expression14': '$y=\\frac{1}{6}$', 'expression15': '$y=\\frac{5}{6}$', 'expression16': '$y=\\frac{1}{6}$', 'expression17': '$a^4+b^4=(a^2+b^2)^2-2a^2b^2=\\frac{2}{3}$', 'expression18': '$a^8+b^8=(a^4+b^4)^2-2a^4b^4=\\frac{4}{9}-\\frac{1}{18}=\\frac{7}{18}$', 'expression19': '$a^{12}+b^{12}=\\frac{11}{36}-\\frac{7}{18}\\cdot\\frac{1}{6}=\\frac{13}{54}$', 'expression20': '$\\boxed{067}$'}","{'expression0': '$2$', 'expression1': '$\\sin^2x$', 'expression2': '$\\cos^2x$', 'expression3': '$F(a)$', 'expression4': '$F(a)=a^2-a+b$', 'expression5': '$b=\\sin^2x\\cdot\\cos^2x$', 'expression6': '$S_k=\\left(\\sin^2x\\right)^k+\\left(\\cos^2x\\right)^k$', 'expression7': '$S_6$', 'expression8': '$S_1=1$', 'expression9': '$S_2=1-2b$', 'expression10': '$S_k-S_{k-1}+bS_{k-2}=0\\Rightarrow S_k=S_{k-1}-bS_{k-2}$', 'expression11': '$k\\ge 3$', 'expression12': '$F(a)$', 'expression13': '\\[S_3=S_2-bS_1\\Rightarrow S_3=(1-2b)-b(1)=1-3b\\]', 'expression14': '\\[S_4=S_3-bS_2\\Rightarrow S_4=(1-3b)-b(1-2b)=2b^2-4b+1\\]', 'expression15': '\\[S_5=S_4-bS_3\\Rightarrow S_5=(2b^2-4b+1)-b(1-3b)=5b^2-5b+1=\\frac{11}{36}\\]', 'expression16': '\\[5b^2-5b+1=\\frac{11}{36}\\Rightarrow 5b^2-5b+\\frac{25}{36}=0, 36b^2-36b+5=0, (6b-1)(6b-5)=0\\]', 'expression17': '$b=\\frac{1}{6} \\text{ or } \\frac{5}{6}$', 'expression18': '$\\sin^2x\\cdot\\cos^2x\\not=\\frac{5}{6}$', 'expression19': '$\\sin^2x\\cdot\\cos^2x=b=\\frac{1}{6}$', 'expression20': '$S_4=\\frac{7}{18}$', 'expression21': '$S_6$', 'expression22': '$S_6=S_5-\\frac{1}{6}S_4=\\frac{13}{54}$', 'expression23': '$13+54=\\boxed{067}$'}","{'expression0': '\\[\\sin^{10}x + \\cos^{10}x = (\\sin^2x+\\cos^2x)(\\sin^8x-\\sin^6x\\cos^2x+\\sin^4x\\cos^4x-\\sin^2x\\cos^6x+\\cos^8x)\\]', 'expression1': '$\\sin^4x+\\cos^4x = 1-2\\sin^2x\\cos^2x$', 'expression2': '$\\sin^4x+\\cos^4x=(\\sin^2x + \\cos^2x)^2 -2\\sin^2x\\cos^2x = 1 - 2\\sin^2x\\cos^2x$', 'expression3': '\\[1+4\\sin^4x\\cos^4x-4\\sin^2x\\cos^2x-\\sin^2x\\cos^2x+2\\sin^4x\\cos^4x = 1 - 5\\sin^2x\\cos^2x+5\\sin^4x\\cos^4x\\]', 'expression4': '\\[1+4\\sin^4x\\cos^4x-4\\sin^2x\\cos^2x-\\sin^2x\\cos^2x+2\\sin^4x\\cos^4x = 1 - 5\\sin^2x\\cos^2x+5\\sin^4x\\cos^4x\\]', 'expression5': '\\[1+4\\sin^4x\\cos^4x-4\\sin^2x\\cos^2x-\\sin^2x\\cos^2x+2\\sin^4x\\cos^4x = 1 - 5\\sin^2x\\cos^2x+5\\sin^4x\\cos^4x\\]', 'expression6': '\\[1+4\\sin^4x\\cos^4x-4\\sin^2x\\cos^2x-\\sin^2x\\cos^2x+2\\sin^4x\\cos^4x = 1 - 5\\sin^2x\\cos^2x+5\\sin^4x\\cos^4x\\]', 'expression7': '\\[5\\sin^4x\\cos^4x- 5\\sin^2x\\cos^2x+\\frac{25}{36}=0\\]', 'expression8': '\\[5\\sin^4x\\cos^4x- 5\\sin^2x\\cos^2x+\\frac{25}{36}=0\\]', 'expression9': '\\[5\\sin^4x\\cos^4x- 5\\sin^2x\\cos^2x+\\frac{25}{36}=0\\]', 'expression10': '$\\sin^2x\\cos^2x = a$', 'expression11': '\\[5a^2- 5a+\\frac{25}{36}=0 \\Rightarrow a^2-a+\\frac{5}{36}\\]', 'expression12': '\\[a = \\frac{1 \\pm \\frac{2}{3}}{2}\\]', 'expression13': '$\\sin^2x\\cos^2x \\le \\frac{1}{4}$', 'expression14': '$a = \\frac{1 - \\frac{2}{3}}{2} = \\frac{1}{6}$', 'expression15': '\\[(1-2(\\frac{1}{6}))(1-2(\\frac{1}{6})^2-3(\\frac{1}{6})^2) = \\frac{13}{54}\\]', 'expression16': '\\[(1-2(\\frac{1}{6}))(1-2(\\frac{1}{6})^2-3(\\frac{1}{6})^2) = \\frac{13}{54}\\]', 'expression17': '\\[(1-2(\\frac{1}{6}))(1-2(\\frac{1}{6})^2-3(\\frac{1}{6})^2) = \\frac{13}{54}\\]', 'expression18': '$\\sin^2x\\cos^2x = \\frac{1}{6}$', 'expression19': '\\[(1-2(\\frac{1}{6}))(1-2(\\frac{1}{6})^2-3(\\frac{1}{6})^2) = \\frac{13}{54}\\]', 'expression20': '$\\boxed{067}$'}","{'expression0': '$a_n=(\\sin^2 x)^n+(\\cos^2 x)^n$', 'expression1': '$a_n$', 'expression2': '$a_n$', 'expression3': '$a_n=p*a_{n-1}+q*a_{n-2}$', 'expression4': '$p$', 'expression5': '$\\sin^2 x+\\cos^2 x=1$', 'expression6': '$q$', 'expression7': '$-(\\sin^2 x)(\\cos^2 x)$', 'expression8': '$a_0=2$', 'expression9': '$a_1=1$', 'expression10': '$a_5=\\frac{11}{36}$', 'expression11': '\\[a_2=1+2q\\]', 'expression12': '\\[a_3=1+3q\\]', 'expression13': '\\[a_4=1+4q+2q^2\\]', 'expression14': '\\[a_5=1+5q+5q^2=\\frac{11}{36}\\]', 'expression15': '\\[a_6=1+6q+9q^2+2q^3\\]', 'expression16': '$q$', 'expression17': '$a_5$', 'expression18': '$q^2+q+\\frac{5}{36}=0$', 'expression19': '$q=-\\frac{5}{6}, -\\frac{1}{6}$', 'expression20': '$q=-(\\sin^2 x)(\\cos^2 x)$', 'expression21': '$-\\frac{1}{4}$', 'expression22': '$q$', 'expression23': '$-\\frac{5}{6}$', 'expression24': '$q$', 'expression25': '$a_6$', 'expression26': '$a_6=1-1+\\frac{1}{4}-\\frac{1}{108}=\\frac{26}{108}=\\frac{13}{54}$', 'expression27': '$13+54=\\boxed{067}$'}","{'expression0': '$c=\\sin^2x\\cdot\\cos^2x$', 'expression1': '$S(n)=\\sin^{2n}x+\\cos^{2n}x$', 'expression2': '$n\\ge 1$', 'expression3': '\\[S(6)=S(5)-cS(4)=\\frac{11}{36}-\\frac{1}{6}\\left(2\\left(\\frac{1}{6}\\right)^2-4\\left(\\frac{1}{6}\\right)+1\\right)=\\frac{13}{54}\\]', 'expression4': '\\[S(6)=S(5)-cS(4)=\\frac{11}{36}-\\frac{1}{6}\\left(2\\left(\\frac{1}{6}\\right)^2-4\\left(\\frac{1}{6}\\right)+1\\right)=\\frac{13}{54}\\]', 'expression5': '$ and $', 'expression6': '\\[S(6)=S(5)-cS(4)=\\frac{11}{36}-\\frac{1}{6}\\left(2\\left(\\frac{1}{6}\\right)^2-4\\left(\\frac{1}{6}\\right)+1\\right)=\\frac{13}{54}\\]', 'expression7': '$\\frac{1}{6}$', 'expression8': '\\[S(6)=S(5)-cS(4)=\\frac{11}{36}-\\frac{1}{6}\\left(2\\left(\\frac{1}{6}\\right)^2-4\\left(\\frac{1}{6}\\right)+1\\right)=\\frac{13}{54}\\]', 'expression9': '$13+54=67$'}"
"{'expression0': '$\\tau(n)$', 'expression1': '$n$', 'expression2': '$n$', 'expression3': '$\\tau (n) + \\tau (n+1) = 7$'}","{'expression0': '$7$', 'expression1': '$5$', 'expression2': '$2$', 'expression3': '$4$', 'expression4': '$3$', 'expression5': '(No integer greater than $1$ can have fewer than $2$ divisors.)', 'expression6': '$3^2$', 'expression7': '$3$', 'expression8': '$2^4$', 'expression9': '$5$', 'expression10': '$2^2$', 'expression11': '$3$', 'expression12': '$4$', 'expression13': '$4$', 'expression14': '$5$', 'expression15': '$3^2$', 'expression16': '$8$', 'expression17': '$9$', 'expression18': '$9$', 'expression19': '$10$', 'expression20': '$\\boxed{(8,9)}$', 'expression21': '$\\boxed{(9,10)}$', 'expression22': '$2^4$', 'expression23': '$15$', 'expression24': '$16$', 'expression25': '$16$', 'expression26': '$17$', 'expression27': '$\\boxed{(16,17)}$', 'expression28': '$5^2$', 'expression29': '$24$', 'expression30': '$25$', 'expression31': '$25$', 'expression32': '$26$', 'expression33': '$\\boxed{(25,26)}$', 'expression34': '$7^2$', 'expression35': '$48$', 'expression36': '$49$', 'expression37': '$49$', 'expression38': '$50$', 'expression39': '$3^4$', 'expression40': '$80$', 'expression41': '$81$', 'expression42': '$81$', 'expression43': '$82$', 'expression44': '$11^2$', 'expression45': '$120$', 'expression46': '$121$', 'expression47': '$121$', 'expression48': '$122$', 'expression49': '$\\boxed{(121,122)}$', 'expression50': '$13^2$', 'expression51': '$168$', 'expression52': '$169$', 'expression53': '$169$', 'expression54': '$170$', 'expression55': '$17^2$', 'expression56': '$288$', 'expression57': '$289$', 'expression58': '$289$', 'expression59': '$290$', 'expression60': '$19^2$', 'expression61': '$360$', 'expression62': '$361$', 'expression63': '$361$', 'expression64': '$362$', 'expression65': '$\\boxed{(361,362)}$', 'expression66': '$n$', 'expression67': '$8+9+16+25+121+361 = \\boxed{\\textbf{540}}$'}","{'expression0': '$(a,b)$', 'expression1': '$n$', 'expression2': '$n+1$', 'expression3': '$7$', 'expression4': '$(2,5), (3,4), (4,3),$', 'expression5': '$(5,2)$', 'expression6': '$(2,5)$', 'expression7': '$n$', 'expression8': '$n+1$', 'expression9': '$a^4$', 'expression10': '$n+1$', 'expression11': '$a^4$', 'expression12': '$n = a^4-1 = (a^2+1)(a-1)(a+1)$', 'expression13': '$n$', 'expression14': '$a^4-1$', 'expression15': '$n$', 'expression16': '$(4,3)$', 'expression17': '$n$', 'expression18': '$a^3$', 'expression19': '$ab$', 'expression20': '$a$', 'expression21': '$b$', 'expression22': '$n+1$', 'expression23': '$n+1 = A^2$', 'expression24': '$n = a^3, a^3+1 = A^2, (A-1)(A+1)=a^3$', 'expression25': '$a=2, A=3$', 'expression26': '$n=8$', 'expression27': '$(5,2)$', 'expression28': '$n$', 'expression29': '$a^4$', 'expression30': '$a$', 'expression31': '$n+1$', 'expression32': '$a$', 'expression33': '$a^4$', 'expression34': '$n = a^4$', 'expression35': '$a^4$', 'expression36': '$a$', 'expression37': '$a=2, n=16$', 'expression38': '$(3,4)$', 'expression39': '$n$', 'expression40': '$n+1$', 'expression41': '$a^3$', 'expression42': '$ab$', 'expression43': '$a$', 'expression44': '$b$', 'expression45': '$n = A^2$', 'expression46': '$n+1 = a^3, A^2+1 = a^3$', 'expression47': '$n+1=ab, A^2+1 = ab$', 'expression48': '$A=2$', 'expression49': '$4+1=5$', 'expression50': '$A=3$', 'expression51': '$9+1=10=2*5$', 'expression52': '$n=9$', 'expression53': '$A=5$', 'expression54': '$25+1=26=2*13$', 'expression55': '$n=25$', 'expression56': '$A=7$', 'expression57': '$49+1=50=2*5^2$', 'expression58': '$A=11$', 'expression59': '$121+1=122=2*61$', 'expression60': '$n=121$', 'expression61': '$A=13$', 'expression62': '$169+1=170=2*5*17$', 'expression63': '$A=17$', 'expression64': '$289+1=290=2*5*29$', 'expression65': '$A=19$', 'expression66': '$361+1=362=2*181$', 'expression67': '$n=361$', 'expression68': '$n$', 'expression69': '$8+16+9+25+121+361 = \\boxed{540}$'}","{'expression0': '$p,\\,q$', 'expression1': '$r$', 'expression2': '$\\tau(n)=1$', 'expression3': '$n=1$', 'expression4': '$n$', 'expression5': '${\\tau(n),\\tau(n+1)}={1,6}$', 'expression6': '${\\tau(n),\\tau(n+1)}={2,5}$', 'expression7': '${n,n+1}={p,q^4}$', 'expression8': '$|p-q^4|=1$', 'expression9': '$q=2$', 'expression10': '$p=17$', 'expression11': '$n=16$', 'expression12': '$q>2$', 'expression13': '$q$', 'expression14': '$p=q^4\\pm 1$', 'expression15': '$p$', 'expression16': '${\\tau(n),\\tau(n+1)}={3,4}$', 'expression17': '${n,n+1}={p^2,q^3}$', 'expression18': '${p^2,qr}$', 'expression19': '$|p^2-q^3|=1$', 'expression20': '$p^2-1=(p-1)(p+1)=q^3$', 'expression21': '$q=2$', 'expression22': '$p=3$', 'expression23': '$q=2$', 'expression24': '$n=8$', 'expression25': '$q^3-1=(q-1)(q^2+q+1)=p^2$', 'expression26': '$q-1=1$', 'expression27': '$|p^2-qr|=1$', 'expression28': '$p^2-1=(p-1)(p+1)=qr$', 'expression29': '$p>2$', 'expression30': '$p^2+1=qr$', 'expression31': '$3^2+1=10,5^2+1=26,11^2+1=122$', 'expression32': '$19^2+1=362$', 'expression33': '$n$', 'expression34': '$8,9,16,25,121$', 'expression35': '$361$', 'expression36': '$540$'}",{},{}
"{'expression0': '$z_1,z_2,\\dots,z_{673}$', 'expression1': '\\[(x-z_1)^3(x-z_2)^3 \\cdots (x-z_{673})^3\\]', 'expression2': '$x^{2019} + 20x^{2018} + 19x^{2017}+g(x)$', 'expression3': '$g(x)$', 'expression4': '$2016$', 'expression5': '\\[\\left| \\sum_{1 \\le j <k \\le 673} z_jz_k \\right|\\]', 'expression6': '$\\frac{m}{n}$', 'expression7': '$m$', 'expression8': '$n$', 'expression9': '$m+n$'}","{'expression0': '\\[\\left| \\sum_{1 \\le j <k \\le 673} z_jz_k \\right|\\]', 'expression1': '\\[(z_1z_2+z_1z_3+ \\dots + z_1z_{672}+z_1z_{673})+(z_2z_3+z_2z_4+ \\dots +z_2z_{673}) + (z_3z_4+z_3z_5+ \\dots +z_3z_{673}) + \\dots +z_{672}z_{673}.\\]', 'expression2': '$S$', 'expression3': '$P=(x-z_1)(x-z_1)(x-z_1)(x-z_2)(x-z_2)(x-z_2) \\dots (x-z_{673})(x-z_{673})(x-z_{673})$', 'expression4': '$P$', 'expression5': '$z_1,z_1,z_1,z_2,z_2,z_2, \\dots , z_{673},z_{673},z_{673}$', 'expression6': '$P$', 'expression7': '$(-1)^1 \\cdot \\dfrac{20}{1}=-20=z_1+z_1+z_1+z_2+z_2+z_2+ \\dots + z_{673}+z_{673}+z_{673}=3(z_1+z_2+z_3+ \\dots +z_{673})$', 'expression8': '$z_1+z_2+z_3+ \\dots +z_{673}=- \\dfrac{20}{3}.$', 'expression9': '$P$', 'expression10': '$(-1)^2 \\cdot \\dfrac{19}{1} = 19.$', 'expression11': '$z_1^2+z_1^2+z_1^2+z_1z_2+z_1z_2+z_1z_2+ \\dots =  \\\\ 3(z_1^2+z_2^2+ \\dots + z_{673}^2) + 9(z_1z_2+z_1z_3+z_1z_4+ \\dots + z_{672}z_{673}) =  3(z_1^2+z_2^2+ \\dots + z_{673}^2) + 9S.$', 'expression12': '$z_1^2+z_2^2+ \\dots + z_{673}^2$', 'expression13': '$S$', 'expression14': '$(z_1+z_2+z_3+ \\dots +z_{673})^2= (-20/3)^2=\\dfrac{400}{9} \\\\ =(z_1^2+z_2^2+ \\dots + z_{673}^2)+2(z_1z_2+z_1z_3+z_1z_4+ \\dots + z_{672}z_{673})=(z_1^2+z_2^2+ \\dots + z_{673}^2)+2S.$', 'expression15': '$z_1^2+z_2^2+ \\dots + z_{673}^2= \\dfrac{400}{9} -2S$', 'expression16': '$3 \\left( \\dfrac{400}{9} -2S \\right) +9S = 19$', 'expression17': '$S = - \\dfrac{343}{9} \\Rightarrow \\left| S \\right| = \\dfrac{343}{9}$', 'expression18': '$m+n = 343+9 = \\fbox{352}$'}","{'expression0': '$z_i = 0$', 'expression1': '$3 \\le i \\le 673$', 'expression2': '$z_1,z_2 \\neq 0$', 'expression3': '\\[3z_1+3z_2=-20\\]', 'expression4': '\\[3z_1^2+3z_2^2+9z_1z_2 = 19.\\]', 'expression5': '$z_1 + z_2 = \\dfrac{-20}{3}$', 'expression6': '$3(z_1^2 + 2z_1z_2 + z_2^2) + 3z_1z_2 = 19$', 'expression7': '$3(z_1 + z_2)^2 + 3z_1z_2 = 19$', 'expression8': '$3\\left(\\dfrac{400}{9}\\right) + 3z_1z_2 = 19$', 'expression9': '$\\dfrac{400}{3} + 3z_1z_2 = \\dfrac{57}{3}$', 'expression10': '$3z_1z_2 = \\dfrac{-343}{3}$', 'expression11': '$z_1z_2 = \\dfrac{-343}{9}$', 'expression12': '$|\\dfrac{-343}{9}|=\\dfrac{343}{9}$', 'expression13': '\\[m+n = 343+9 = \\boxed{352}.\\]'}","{'expression0': '$x=\\sum_{1\\le j<k\\le 673} z_jz_k$', 'expression1': '\\[3\\sum_{i=1}^{673}z_i=-20\\implies \\sum_{i=1}^{673}z_i=-\\frac{20}3.\\]', 'expression2': '$19x^{2017}$', 'expression3': '$(z_i,z_i)$', 'expression4': '$i$', 'expression5': '$(z_j,z_k)$', 'expression6': '$j<k$', 'expression7': '$\\tbinom 32=3$', 'expression8': '$3^2=9$', 'expression9': '{i=1}', 'expression10': '{673}', 'expression11': '{1\\le j<k\\le 673}', 'expression12': '(\\left(-\\frac{20}3\\right)^2-2x\\right)', 'expression13': '{400}', 'expression14': '{343}', 'expression15': '$343+9=\\boxed{352}$'}","{'expression0': '\\[(f(x))^3=x^{2019}+20x^{2018}+19x^{2017}+g(x).\\]', 'expression1': '$f(x)=(x-z_{1})(x-z_{1})\\cdots (x-z_{673})$', 'expression2': '\\[f(x)=x^{673}+ax^{672}+bx^{671}+h(x)\\]', 'expression3': '$a$', 'expression4': '$b$', 'expression5': '$h(x)$', 'expression6': '$670$', 'expression7': '$f(x)$', 'expression8': '$b$', 'expression9': '$(f(x))^3$', 'expression10': '$a$', 'expression11': '$b$', 'expression12': '\\[20 = 3a\\]', 'expression13': '\\[19 = 3a^2+3b\\]', 'expression14': '$a=\\frac{20}{3}$', 'expression15': '$b=\\frac{1}{3}\\left(19-3\\left(\\frac{20}{3} \\right)^2 \\right)$', 'expression16': '$|b|=\\frac{343}{9}=\\frac{m}{n}$', 'expression17': '$m+n=343+9=\\boxed{352}$'}","{'expression0': '$(x-z_1)^3(x-z_2)^3(x-z_3)^2\\cdots (x-z_{673})^3$', 'expression1': '$x^{2019}+20x^{2018}+19x^{2017}+g(x)$', 'expression2': '$\\left| \\sum_{1 \\le j <k \\le 673} z_jz_k \\right|  = S$', 'expression3': '$P_1$', 'expression4': '$3(x_1+x_2+\\cdots+x_{673})$', 'expression5': '$P_2$', 'expression6': '$3(z_1^2+z_2^2+z_3^2+\\dots+z_{673}^2)$', 'expression7': '\\[-20 = 3(z_1+z_2+z_3+z_4 \\dots+z_{673})\\]', 'expression8': '\\[19 = 3(z_1^2+z_2^2+z_3^2+\\dots+z_{673}^2) + 9S\\]', 'expression9': '$19$', 'expression10': '$\\binom{2019}{2}$', 'expression11': '$3\\cdot673$', 'expression12': '$9\\cdot\\binom{673}{2}$', 'expression13': '$\\binom{2019}{2}$', 'expression14': '$= 3\\cdot673+$', 'expression15': '$9\\cdot\\binom{673}{2}$', 'expression16': '$P_2 = z_1^2+z_2^2+z_3^2+\\dots+z_{673}^2$', 'expression17': '$P_1\\cdot a_n + 1\\cdot a_{n-1}=0$', 'expression18': '$P_1\\cdot 1 + 1\\cdot 20 = 0 \\implies P_1=-20.$', 'expression19': '$P_2\\cdot a_n + P_1 \\cdot a_{n-1} + 2\\cdot a_{n-2}$', 'expression20': '\\[P_2 + -20\\cdot20 + 19\\cdot2 = 0 \\implies P_2 = 362\\]', 'expression21': '\\[19 = 362 + 9S \\implies S = \\frac{343}{9}\\]', 'expression22': '$\\frac{343}{9}$', 'expression23': '$\\boxed{352}$'}"
